install_cold_mean	41014.67	us
install_cold_p50	40417	us
install_cold_p95	49297	us
install_cold_min	31980	us
install_cold_max	49297	us
install_cold_count	12	samples
install_warm_mean	39256.50	us
install_warm_p50	38782	us
install_warm_p95	43566	us
install_warm_min	33994	us
install_warm_max	43566	us
install_warm_count	12	samples
install_frozen_mean	11294.67	us
install_frozen_p50	11425	us
install_frozen_p95	13820	us
install_frozen_min	9791	us
install_frozen_max	13820	us
install_frozen_count	12	samples
install_offline_mean	11187.33	us
install_offline_p50	10664	us
install_offline_p95	14092	us
install_offline_min	8913	us
install_offline_max	14092	us
install_offline_count	12	samples
archive_get_mean	9225.58	us
archive_get_p50	9417	us
archive_get_p95	10049	us
archive_get_min	7854	us
archive_get_max	10049	us
archive_get_count	12	samples
cache_hit_rate_cold	0	percent
cache_hit_rate_warm	100	percent
bytes_over_network_cold	300082	bytes
bytes_over_network_warm	0	bytes
requests_cold	25	count
requests_warm	0	count
cache_size_bytes	655913	bytes
package_count	25	count
source_lines	400	lines
