publish_cold_mean	5381.07	us
publish_cold_p50	5435	us
publish_cold_p95	6749	us
publish_cold_min	4479	us
publish_cold_max	6749	us
publish_cold_count	40	samples
publish_warm_mean	5917.50	us
publish_warm_p50	5784	us
publish_warm_p95	6915	us
publish_warm_min	5146	us
publish_warm_max	6915	us
publish_warm_count	40	samples
publish_dryrun_mean	4964.18	us
publish_dryrun_p50	4938	us
publish_dryrun_p95	5856	us
publish_dryrun_min	3564	us
publish_dryrun_max	5856	us
publish_dryrun_count	40	samples
publish_graph_mean	5738.80	us
publish_graph_p50	5669	us
publish_graph_p95	6856	us
publish_graph_min	4836	us
publish_graph_max	6856	us
publish_graph_count	40	samples
server_roundtrip_mean	16582.62	us
server_roundtrip_p50	16382	us
server_roundtrip_p95	20015	us
server_roundtrip_min	13655	us
server_roundtrip_max	20015	us
server_roundtrip_count	40	samples
publish_archive_bytes	12000	bytes
publish_source_lines	400	lines
server_roundtrip_p50	16382	us
server_roundtrip_mean	16582.62	us
server_roundtrip_p95	20015	us
registry_packages	43	count
registry_versions	121	count
registry_downloads	40	count
