resolve_warm_cache_mean	21074.70	us
resolve_warm_cache_p50	19649	us
resolve_warm_cache_p95	24747	us
resolve_warm_cache_min	17757	us
resolve_warm_cache_max	24747	us
resolve_warm_cache_count	10	samples
install_locked_mean	20759.00	us
install_locked_p50	21489	us
install_locked_p95	24383	us
install_locked_min	17135	us
install_locked_max	24383	us
install_locked_count	10	samples
health_mean	8934.50	us
health_p50	8760	us
health_p95	10228	us
health_min	7847	us
health_max	10228	us
health_count	10	samples
graph_packages	80	count
graph_shape_width	8	count
graph_shape_depth	5	count
install_primary_mean	4174.40	us
install_primary_p50	4168	us
install_primary_p95	4838	us
install_primary_min	3743	us
install_primary_max	4838	us
install_primary_count	10	samples
install_mirror_fallback_mean	4257.00	us
install_mirror_fallback_p50	4033	us
install_mirror_fallback_p95	5110	us
install_mirror_fallback_min	3893	us
install_mirror_fallback_max	5110	us
install_mirror_fallback_count	10	samples
search_mirror_fallback_mean	6074.40	us
search_mirror_fallback_p50	6033	us
search_mirror_fallback_p95	6696	us
search_mirror_fallback_min	5294	us
search_mirror_fallback_max	6696	us
search_mirror_fallback_count	10	samples
mirror_fallback_works	1	bool
