index_size_50	50	count
search_exact_50_mean	6028.75	us
search_exact_50_p50	5995	us
search_exact_50_p95	6906	us
search_exact_50_min	5322	us
search_exact_50_max	6906	us
search_exact_50_count	20	samples
search_prefix_50_mean	6436.20	us
search_prefix_50_p50	6358	us
search_prefix_50_p95	7356	us
search_prefix_50_min	4979	us
search_prefix_50_max	7356	us
search_prefix_50_count	20	samples
search_fuzzy_50_mean	5615.10	us
search_fuzzy_50_p50	5440	us
search_fuzzy_50_p95	7850	us
search_fuzzy_50_min	4500	us
search_fuzzy_50_max	7850	us
search_fuzzy_50_count	20	samples
search_tag_50_mean	5619.00	us
search_tag_50_p50	5294	us
search_tag_50_p95	6848	us
search_tag_50_min	4671	us
search_tag_50_max	6848	us
search_tag_50_count	20	samples
search_miss_50_mean	4964.55	us
search_miss_50_p50	4872	us
search_miss_50_p95	6101	us
search_miss_50_min	4165	us
search_miss_50_max	6101	us
search_miss_50_count	20	samples
search_json_50_mean	6234.30	us
search_json_50_p50	6228	us
search_json_50_p95	7646	us
search_json_50_min	5294	us
search_json_50_max	7646	us
search_json_50_count	20	samples
index_size_200	200	count
search_exact_200_mean	9228.90	us
search_exact_200_p50	8941	us
search_exact_200_p95	12321	us
search_exact_200_min	7828	us
search_exact_200_max	12321	us
search_exact_200_count	20	samples
search_prefix_200_mean	8874.75	us
search_prefix_200_p50	8767	us
search_prefix_200_p95	10696	us
search_prefix_200_min	6972	us
search_prefix_200_max	10696	us
search_prefix_200_count	20	samples
search_fuzzy_200_mean	6833.75	us
search_fuzzy_200_p50	6808	us
search_fuzzy_200_p95	8182	us
search_fuzzy_200_min	5574	us
search_fuzzy_200_max	8182	us
search_fuzzy_200_count	20	samples
search_tag_200_mean	8162.55	us
search_tag_200_p50	8061	us
search_tag_200_p95	9660	us
search_tag_200_min	6573	us
search_tag_200_max	9660	us
search_tag_200_count	20	samples
search_miss_200_mean	6388.25	us
search_miss_200_p50	6274	us
search_miss_200_p95	7616	us
search_miss_200_min	4653	us
search_miss_200_max	7616	us
search_miss_200_count	20	samples
search_json_200_mean	8414.30	us
search_json_200_p50	8455	us
search_json_200_p95	11150	us
search_json_200_min	6699	us
search_json_200_max	11150	us
search_json_200_count	20	samples
index_size_500	500	count
search_exact_500_mean	12036.40	us
search_exact_500_p50	11960	us
search_exact_500_p95	13592	us
search_exact_500_min	10234	us
search_exact_500_max	13592	us
search_exact_500_count	20	samples
search_prefix_500_mean	12368.35	us
search_prefix_500_p50	12157	us
search_prefix_500_p95	14445	us
search_prefix_500_min	10455	us
search_prefix_500_max	14445	us
search_prefix_500_count	20	samples
search_fuzzy_500_mean	9730.75	us
search_fuzzy_500_p50	9684	us
search_fuzzy_500_p95	10473	us
search_fuzzy_500_min	8494	us
search_fuzzy_500_max	10473	us
search_fuzzy_500_count	20	samples
search_tag_500_mean	12686.10	us
search_tag_500_p50	13178	us
search_tag_500_p95	14732	us
search_tag_500_min	10041	us
search_tag_500_max	14732	us
search_tag_500_count	20	samples
search_miss_500_mean	9035.60	us
search_miss_500_p50	8984	us
search_miss_500_p95	11569	us
search_miss_500_min	6818	us
search_miss_500_max	11569	us
search_miss_500_count	20	samples
search_json_500_mean	12686.80	us
search_json_500_p50	12782	us
search_json_500_p95	14849	us
search_json_500_min	10339	us
search_json_500_max	14849	us
search_json_500_count	20	samples
search_direct_mean	18200.60	us
search_direct_p50	18016	us
search_direct_p95	22402	us
search_direct_min	14244	us
search_direct_max	22402	us
search_direct_count	20	samples
search_max_index	500	count
