id	argv	expected_rc	setup	note
g001	--version	0	missing	version long
g002	-V	0	missing	version short
g003	--help	0	missing	help long
g004	-h	0	missing	help short
g005	help	0	missing	help cmd
g006		0	missing	no args => help
g007	frobnicate	2	missing	unknown cmd rc1
g008	--nope	2	missing	unknown flag rc1
g009		0	ok	help in project
n001	new	2	missing	new missing name
n002	new proj	0	missing	new ok
n003	new proj	2	exists	new existing
n004	new proj extra	0	missing	new leniency extra arg
n005	new ..	2	missing	new ..
n006	new 	2	missing	new empty name
b001	build main.hard	0	ok	build ok
b002	build missing.hard	1	missing	build missing file
b003	build	1	missing	build no default
b004	build main.hard	1	synerr	build syntax error
b005	build sub/main.hard	0	sub	build nested
b006	build main.hard extra	0	ok	build extra arg
r001	run main.hard	124	ok	run server up (healthy)
r002	run missing.hard	1	missing	run missing file
r003	run main.hard	1	synerr	run syntax error
r004	run	1	missing	run no default
t001	test main.hard	124	ok	test ok
t002	test main.hard	1	testfail	test fail
t003	test missing.hard	1	missing	test missing
t004	test main.hard	1	synerr	test syntax error
t005	test	1	missing	test no default
f001	fmt main.hard	0	ok	fmt canonical ok
f002	fmt main.hard	0	unfmt	fmt reformat
f003	fmt --check main.hard	1	ok	fmt --check canonical
f004	fmt main.hard	1	missing	fmt missing
f005	fmt -h	1	missing	fmt help
f006	fmt --check main.hard	1	unfmt	fmt --check unformatted (rc1 expected? no)
d001	docs main.hard	0	ok	docs ok
d002	docs	1	missing	docs no default (rc1)
d003	docs sub/main.hard	0	sub	docs nested
a001	add datetime	0	ok	add known module
a002	add	2	ok	add missing name
a003	add nopenope	0	ok	add unknown module leniency
dc001	doctor	0	ok	doctor ok
dc002	doctor	0	ro	doctor read-only leniency
bm001	bench main.hard	0	ok	bench ok
bm002	bench missing.hard	1	missing	bench missing
mg001	migrate diff	1	missing	diff with no dialect configured
mg002	migrate diff --name init	0	db	diff writes the first migration
mg003	migrate status	0	db	status with no migrations
mg004	migrate up	0	db	up with nothing pending
mg005	migrate down	1	db	down with nothing applied
mg006	migrate diff --dialect mysql	1	db	diff with an unknown dialect
mg007	seed	2	db	seed with no seed files
